{"total_gastos": 2521.8, "gastos_operativos_porcentaje": 2.5218000000000003, "gastos_operativos_numero": 2521.8, "monto_total": 102521.8, "cuota_mixta": "", "ultimo_monto_reembolsar": 3448.8, "ultimo_amortizacion": 3448.41, "cuota_mensual": 3503.25, "flujo": [-100000.0, 3503.25, 3503.25, 3503.25, 3503.25, 3503.25, 3503.25, 3503.25, 3503.25, 3503.25, 3503.25, 3503.25, 3503.25, 3503.25, 3503.25, 3503.25, 3503.25, 3503.25, 3503.25, 3503.25, 3503.25, 3503.25, 3503.25, 3503.25, 3503.25, 3503.25, 3503.25, 3503.25, 3503.25, 3503.25, 3503.25, 3503.25, 3503.25, 3503.25, 3503.25, 3503.25, 3503.25, 3503.25, 3503.25, 3503.25, 3503.25, 3503.25, 3503.25, 3503.25, 3503.25, 3503.25, 3503.25, 0.3900000000003274], "lista_cuota_mensual": [3503.25, 3503.25, 3503.25, 3503.25, 3503.25, 3503.25, 3503.25, 3503.25, 3503.25, 3503.25, 3503.25, 3503.25, 3503.25, 3503.25, 3503.25, 3503.25, 3503.25, 3503.25, 3503.25, 3503.25, 3503.25, 3503.25, 3503.25, 3503.25, 3503.25, 3503.25, 3503.25, 3503.25, 3503.25, 3503.25, 3503.25, 3503.25, 3503.25, 3503.25, 3503.25, 3503.25, 3503.25, 3503.25, 3503.25, 3503.25, 3503.25, 3503.25, 3503.25, 3503.25, 3503.25, 3503.25, 3503.25, 3503.25], "lista_fecha_pago": ["MES 1", "MES 2", "MES 3", "MES 4", "MES 5", "MES 6", "MES 7", "MES 8", "MES 9", "MES 10", "MES 11", "MES 12", "MES 13", "MES 14", "MES 15", "MES 16", "MES 17", "MES 18", "MES 19", "MES 20", "MES 21", "MES 22", "MES 23", "MES 24", "MES 25", "MES 26", "MES 27", "MES 28", "MES 29", "MES 30", "MES 31", "MES 32", "MES 33", "MES 34", "MES 35", "MES 36", "MES 37", "MES 38", "MES 39", "MES 40", "MES 41", "MES 42", "MES 43", "MES 44", "MES 45", "MES 46", "MES 47", "MES 48"], "x": 0.022336110527323236, "lista_intereses_pactados": [2289.9382562601277, 2262.8375910478544, 2235.131602382036, 2206.806769691109, 2177.8492704065293, 2148.244973217335, 2117.979431174039, 2087.037874638494, 2055.4052040762845, 2023.0659826881226, 1990.0044288766671, 1956.2044085450739, 1921.6494272235286, 1886.3226220199156, 1850.2067533906975, 1813.2841967279867, 1775.5369337587063, 1736.94654375164, 1697.4941945280837, 1657.1606332717074, 1615.926177133148, 1573.7707036247439, 1530.6736408007243, 1486.6139572180646, 1441.5701516731035, 1395.5202427089189, 1348.4417578883372, 1300.3117228273438, 1251.1066499835442, 1200.8025271942008, 1149.3748059582545, 1096.7983894566137, 1043.0476203048615, 988.0962680324072, 931.9175162819696, 874.483949723147, 815.7675406736881, 755.7396354219333, 694.3709402437514, 631.6315071071521, 567.4907190575921, 501.9172752768475, 434.8791758081589, 366.34370594019606, 296.27742024222033, 224.64612624265567, 151.4148677431015, 76.54790775964631], "flujo2": [-100000.0, 3503.25, 3503.25, 3503.25, 3503.25, 3503.25, 3503.25, 3503.25, 3503.25, 3503.25, 3503.25, 3503.25, 3503.25, 3503.25, 3503.25, 3503.25, 3503.25, 3503.25, 3503.25, 3503.25, 3503.25, 3503.25, 3503.25, 3503.25, 3503.25, 3503.25, 3503.25, 3503.25, 3503.25, 3503.25, 3503.25, 3503.25, 3503.25, 3503.25, 3503.25, 3503.25, 3503.25, 3503.25, 3503.25, 3503.25, 3503.25, 3503.25, 3503.25, 3503.25, 3503.25, 3503.25, 3503.25, 3352.225132259152]}